{"fluency_score_fluent": [39.89751758268628, 14.067387118615683, 22.122976851993073, 31.720224656137535, 17.79715851791102, 15.016954731873149, 34.96433982796329, 125.95414972763072, 36.46644027473268, 35.152549624863155, 33.034143101351155, 15.485308991959972, 30.118753852817456, 27.02498989449591, 47.26495715582454, 26.380270109484663, 62.01214811509616, 78.04264896267617, 50.663281427526826, 20.61431951076498, 20.514515476331713, 13.166039798510376, 25.917553556505222, 44.023885626188374, 39.05755007850912, 17.859097571578715, 29.613513687094276, 131.20061723371248, 28.53421183609481, 22.057806014272472, 19.441887274223365, 17.066438211951414, 18.519945309044196, 32.487711243161634, 39.5031115497089, 24.35398808093529], "fluency_score_non_fluent": [129.49326399295597, 152.29941041292778, 177.6851528289872, 107.33735801794097, 279.1920325249274, 31.38631695465925, 158.2122781725318, 209.79119533123335, 220.60236507210328, 254.68794801221492, 129.49326399295597, 152.29941041292778, 177.6851528289872, 107.33735801794097, 279.1920325249274, 31.38631695465925, 158.2122781725318, 209.79119533123335, 220.60236507210328, 254.68794801221492, 129.24410706044532, 187.4123325430755, 187.2636878894476, 77.26804666797673, 77.5955474958797, 136.3024051014258, 52.98033853258195, 108.6576272363392, 110.9387421128158, 75.4914160606785, 45.93721232326078, 41.47982192742587, 183.59089835303402, 64.5677815956823, 91.31822773475629, 97.40810269984877, 99.9887536706008, 340.11740500797265, 363.49370050207665, 441.82390088275025, 340.44614170383466, 176.33711930975005, 42.90488795668528, 132.78395027996916, 98.23562849095434, 140.61147295603777, 51.21537019946533, 93.71970589349237, 99.28342035644013, 68.56029553608448]}