{"fluency_score_fluent": [7.382322259016932, 8.424777216978969, 7.972019620009363, 7.611681885786953, 8.189597554274501, 8.359456486769618, 7.51430768496603, 6.232718415327968, 7.472243971892299, 7.508939213820399, 7.571094698973598, 8.32874459750265, 7.663488335677088, 7.7718743754109765, 7.212867207594814, 7.796019978590907, 6.941306061812342, 6.711380906172695, 7.1434349489888564, 8.042650408812465, 8.047503657408656, 8.490995593138637, 7.813715882368983, 7.283904023238124, 7.403600163527431, 8.186123318739833, 7.6804055643758185, 6.1919087839803115, 7.717532582350673, 7.974969811507167, 8.101206488676967, 8.231522507735194, 8.149788088866176, 7.587774462767542, 7.392256922789516, 7.8759407473287], "fluency_score_non_fluent": [6.205007500716151, 6.042787976332607, 5.888623185225428, 6.392659611769618, 5.436736531325281, 7.622264332838953, 6.0046987009725, 5.722523636885585, 5.67227453715414, 5.5285973025044814, 6.205007500716151, 6.042787976332607, 5.888623185225428, 6.392659611769618, 5.436736531325281, 7.622264332838953, 6.0046987009725, 5.722523636885585, 5.67227453715414, 5.5285973025044814, 6.206933445998133, 5.835325188704433, 5.836118645735683, 6.721355862685145, 6.717126317091884, 6.153760380812588, 7.098715491362514, 6.380434460707607, 6.359658188887539, 6.7446174097737694, 7.241360850401819, 7.343429274626675, 5.85592646128744, 6.900920815535487, 6.554285950728358, 6.489726967879236, 6.463578648634853, 5.239345498152675, 5.172874398299159, 4.977724976607265, 5.238379426070155, 5.896238751479092, 7.3096506071767235, 6.1799129915913955, 6.481267399855556, 6.122635788985195, 7.132596678801478, 6.528327889510097, 6.470657773085535, 6.840922780104579]}